{"cameraMode":{"drawMode":0,"name":"Shaded","section":"Shading Mode"},"sceneLighting":false,"audioPlay":false,"sceneViewState":{"m_AlwaysRefresh":false,"showFog":true,"showSkybox":false,"showFlares":true,"showImageEffects":true,"showParticleSystems":true,"showVisualEffectGraphs":true,"m_FxEnabled":true},"in2DMode":false,"pivot":{"x":0.3195936679840088,"y":-1.0669807195663453,"z":-0.5049999952316284},"rotation":{"x":-0.18447157740592957,"y":0.3252892792224884,"z":-0.06485952436923981,"w":-0.9251771569252014},"size":1.8241604566574097,"orthographic":false}