{"cameraMode":{"drawMode":0,"name":"Shaded","section":"Shading Mode"},"sceneLighting":false,"audioPlay":false,"sceneViewState":{"m_AlwaysRefresh":false,"showFog":true,"showSkybox":false,"showFlares":true,"showImageEffects":true,"showParticleSystems":true,"showVisualEffectGraphs":true,"m_FxEnabled":true},"in2DMode":false,"pivot":{"x":-0.7982579469680786,"y":0.623833179473877,"z":0.08838605880737305},"rotation":{"x":-0.014605306088924408,"y":0.9663239121437073,"z":-0.2506679892539978,"w":-0.056302644312381747},"size":2.9959025382995607,"orthographic":false}