{"cameraMode":{"drawMode":0,"name":"Shaded","section":"Shading Mode"},"sceneLighting":false,"audioPlay":false,"sceneViewState":{"m_AlwaysRefresh":false,"showFog":true,"showSkybox":false,"showFlares":true,"showImageEffects":true,"showParticleSystems":true,"showVisualEffectGraphs":true,"m_FxEnabled":true},"in2DMode":false,"pivot":{"x":-1.0422422885894776,"y":1.6152406930923463,"z":-0.48040342330932619},"rotation":{"x":-0.019959760829806329,"y":0.9787710905075073,"z":-0.11683768779039383,"w":-0.1672057956457138},"size":2.8036751747131349,"orthographic":false}