{"cameraMode":{"drawMode":0,"name":"Shaded","section":"Shading Mode"},"sceneLighting":false,"audioPlay":false,"sceneViewState":{"m_AlwaysRefresh":false,"showFog":true,"showSkybox":false,"showFlares":true,"showImageEffects":true,"showParticleSystems":true,"showVisualEffectGraphs":true,"m_FxEnabled":true},"in2DMode":false,"pivot":{"x":2.0593481063842775,"y":-0.0007291883230209351,"z":3.9783101081848146},"rotation":{"x":-0.041197724640369418,"y":0.711997926235199,"z":-0.041920777410268787,"w":-0.6997162699699402},"size":0.539100706577301,"orthographic":false}