{"cameraMode":{"drawMode":0,"name":"Shaded","section":"Shading Mode"},"sceneLighting":false,"audioPlay":false,"sceneViewState":{"m_AlwaysRefresh":false,"showFog":true,"showSkybox":false,"showFlares":true,"showImageEffects":true,"showParticleSystems":true,"showVisualEffectGraphs":true,"m_FxEnabled":true},"in2DMode":false,"pivot":{"x":0.00252377986907959,"y":-0.879278838634491,"z":0.05603748559951782},"rotation":{"x":-0.17754225432872773,"y":0.4847787022590637,"z":-0.1012042835354805,"w":-0.8504338264465332},"size":1.6235684156417847,"orthographic":false}